{"cameraMode":{"drawMode":0,"name":"Shaded","section":"Shading Mode"},"sceneLighting":true,"audioPlay":false,"sceneViewState":{"m_AlwaysRefresh":false,"showFog":true,"showSkybox":true,"showFlares":true,"showImageEffects":false,"showParticleSystems":true,"showVisualEffectGraphs":true,"m_FxEnabled":true},"in2DMode":false,"pivot":{"x":-0.6982520818710327,"y":8.08625602722168,"z":2.9692516326904299},"rotation":{"x":0.048830900341272357,"y":0.9438467621803284,"z":-0.28361254930496218,"w":0.1623869240283966},"size":3.4583375453948976,"orthographic":false}