{"cameraMode":{"drawMode":0,"name":"Shaded","section":"Shading Mode"},"sceneLighting":true,"audioPlay":false,"sceneViewState":{"m_AlwaysRefresh":false,"showFog":true,"showSkybox":true,"showFlares":true,"showImageEffects":false,"showParticleSystems":true,"showVisualEffectGraphs":true,"m_FxEnabled":true},"in2DMode":false,"pivot":{"x":-11.579619407653809,"y":0.03608131408691406,"z":-0.656524658203125},"rotation":{"x":0.027397096157073976,"y":-0.9482433795928955,"z":0.30521437525749209,"w":0.08480626344680786},"size":9.530660629272461,"orthographic":false}