{"cameraMode":{"drawMode":0,"name":"Shaded","section":"Shading Mode"},"sceneLighting":true,"audioPlay":false,"sceneViewState":{"m_AlwaysRefresh":false,"showFog":true,"showSkybox":true,"showFlares":true,"showImageEffects":false,"showParticleSystems":true,"showVisualEffectGraphs":true,"m_FxEnabled":true},"in2DMode":false,"pivot":{"x":5.161133766174316,"y":7.836521148681641,"z":0.12720274925231934},"rotation":{"x":0.18506795167922975,"y":-0.5412774085998535,"z":0.12357714772224426,"w":0.8108866214752197},"size":3.4583375453948976,"orthographic":false}