{"cameraMode":{"drawMode":0,"name":"Shaded","section":"Shading Mode"},"sceneLighting":true,"audioPlay":false,"sceneViewState":{"m_AlwaysRefresh":false,"showFog":true,"showSkybox":true,"showFlares":true,"showImageEffects":false,"showParticleSystems":true,"showVisualEffectGraphs":true,"m_FxEnabled":true},"in2DMode":false,"pivot":{"x":23.807106018066408,"y":21.563661575317384,"z":-25.703773498535158},"rotation":{"x":0.22880950570106507,"y":-0.34076836705207827,"z":0.08592822402715683,"w":0.9078446626663208},"size":3.4583375453948976,"orthographic":false}