{"cameraMode":{"drawMode":0,"name":"Shaded","section":"Shading Mode"},"sceneLighting":true,"audioPlay":false,"sceneViewState":{"m_AlwaysRefresh":false,"showFog":true,"showSkybox":true,"showFlares":true,"showImageEffects":false,"showParticleSystems":true,"showVisualEffectGraphs":true,"m_FxEnabled":true},"in2DMode":false,"pivot":{"x":-1.555363416671753,"y":-1.5703294277191163,"z":18.55233383178711},"rotation":{"x":-0.10165752470493317,"y":0.055649809539318088,"z":-0.006206269841641188,"w":-0.9934684634208679},"size":8.724747657775879,"orthographic":false}