{"cameraMode":{"drawMode":0,"name":"Shaded","section":"Shading Mode"},"sceneLighting":true,"audioPlay":false,"sceneViewState":{"m_AlwaysRefresh":false,"showFog":true,"showSkybox":true,"showFlares":true,"showImageEffects":false,"showParticleSystems":true,"showVisualEffectGraphs":true,"m_FxEnabled":true},"in2DMode":false,"pivot":{"x":-7.836987495422363,"y":-1.7265081405639649,"z":-1.7601861953735352},"rotation":{"x":-0.005129316356033087,"y":-0.9523457884788513,"z":0.30497047305107119,"w":-0.016505708917975427},"size":9.530660629272461,"orthographic":false}