{"cameraMode":{"drawMode":0,"name":"Shaded","section":"Shading Mode"},"sceneLighting":true,"audioPlay":false,"sceneViewState":{"m_AlwaysRefresh":false,"showFog":true,"showSkybox":true,"showFlares":true,"showImageEffects":true,"showParticleSystems":true,"showVisualEffectGraphs":true,"m_FxEnabled":true},"in2DMode":false,"pivot":{"x":6.840195178985596,"y":2.269130229949951,"z":-6.2423624992370609},"rotation":{"x":0.0009786045411601663,"y":0.9985315799713135,"z":-0.052780233323574069,"w":0.017402296885848047},"size":1.2247449159622193,"orthographic":false}